{"cameraMode":{"drawMode":0,"name":"Shaded","section":"Shading Mode"},"sceneLighting":true,"audioPlay":false,"sceneViewState":{"m_AlwaysRefresh":false,"showFog":true,"showSkybox":true,"showFlares":true,"showImageEffects":true,"showParticleSystems":true,"showVisualEffectGraphs":true,"m_FxEnabled":true},"in2DMode":false,"pivot":{"x":-0.39989206194877627,"y":-1.794970989227295,"z":1.119664192199707},"rotation":{"x":-0.4962416887283325,"y":0.010936392471194268,"z":-0.006251879036426544,"w":-0.868093729019165},"size":4.905551910400391,"orthographic":false}