{"cameraMode":{"drawMode":0,"name":"Shaded","section":"Shading Mode"},"sceneLighting":true,"audioPlay":false,"sceneViewState":{"m_AlwaysRefresh":false,"showFog":true,"showSkybox":true,"showFlares":true,"showImageEffects":true,"showParticleSystems":true,"showVisualEffectGraphs":true,"m_FxEnabled":true},"in2DMode":false,"pivot":{"x":-0.2375674843788147,"y":-0.9242297410964966,"z":1.0240492820739747},"rotation":{"x":-0.35447731614112856,"y":0.19346916675567628,"z":-0.07521988451480866,"w":-0.9117337465286255},"size":2.8133177757263185,"orthographic":false}